Timestamp,User Query,Retrieved Knowledge Source,AI Reasoning Summary,Action Taken,Result
2026-06-01T09:14:22+05:30,"How many Annual Leave days do I have left?",leave_balance.csv; HR & Leave Policy Sec.1,"Matched employee ID from session context, retrieved AL balance directly from leave_balance.csv row for NT1004.",Queried leave_balance.csv and returned balance,Success - returned 8 days Annual Leave remaining
2026-06-01T09:20:05+05:30,"I want to apply for 2 days of casual leave next week",HR & Leave Policy Sec.4 & Sec.8,"Identified leave type as Casual Leave (<=2 consecutive days, within policy limit); workflow requires HRMS submission and manager approval within 48 hours.",Drafted leave request and routed to manager via HRMS workflow trigger,Success - leave request submitted, pending manager approval
2026-06-01T10:02:47+05:30,"My VPN keeps disconnecting during meetings",IT Support KB Sec.2,"Classified as VPN issue, P2 priority as per IT Support KB. Recommended first-level self-fix before ticket creation.",Suggested VPN client update and raised P2 ticket after user confirmed issue persisted,Success - ticket IT-88213 created, SLA 4 hours
2026-06-01T10:45:11+05:30,"How do I get access to the OpenAI API for my project?",Expense & Software Access Policy Sec.6,"Identified OpenAI API as highest-sensitivity access tier requiring Manager, Department Head, and Security & Compliance approval.",Generated access request and routed multi-stage approval chain,Success - request NT-ACC-4471 submitted, awaiting 3-stage approval
2026-06-01T11:10:34+05:30,"What's the reimbursement limit for my recent AWS certification?",Expense & Software Access Policy Sec.4,"Checked certification reimbursement cap of ₹20,000/year and pre-approval requirement; no prior pre-approval found in system for this claim.",Flagged claim as requiring retroactive manager+L&D approval before processing,Partial - user notified pre-approval was missing, escalated to manager for exception review
2026-06-01T11:32:58+05:30,"Can I work from home tomorrow?",HR & Leave Policy Sec.5,"Checked WFH monthly cap (8 days) against employee's current month usage (3 days used); request is same-day but within policy exception for genuine reasons.",Submitted WFH request for manager Slack/email approval,Success - WFH day logged pending manager confirmation
2026-06-01T12:05:19+05:30,"I forgot my password and the reset link isn't working",IT Support KB Sec.1,"Self-service reset failed; classified as P1 issue per policy, requiring identity verification and manual reset within 30 minutes.",Escalated to IT Helpdesk as P1 ticket with identity verification flow,Success - ticket IT-88220 created, resolved in 22 minutes
2026-06-01T13:15:42+05:30,"What is the food reimbursement for my Mumbai client trip?",Expense & Software Access Policy Sec.2,"Confirmed travel is official business travel (domestic); applied ₹500/day cap per policy.",Calculated eligible reimbursement and pre-filled Expense Portal claim,Success - draft claim generated for ₹1500 (3 days)
2026-06-01T14:02:07+05:30,"How many sick days can I take without a medical certificate?",HR & Leave Policy Sec.2,"Retrieved threshold: certificate required only beyond 2 consecutive sick days.",Provided policy answer, no workflow action needed,Success - informational response provided
2026-06-01T14:40:15+05:30,"My laptop screen is cracked, what do I do?",IT Support KB Sec.9,"Classified as hardware fault; checked asset damage history for employee (no prior incidents in 12 months) - eligible for insured replacement.",Created hardware replacement ticket and triggered loaner device dispatch,Success - ticket IT-88235 created, loaner assigned within 24 hours
2026-06-01T15:18:29+05:30,"Can I get GitHub admin access to the platform-core repo?",Expense & Software Access Policy Sec.6,"Checked requester designation (Software Engineer I) against GitHub Admin access policy - restricted to Engineering Managers and above.",Denied admin tier request, offered Write access alternative pending Eng Lead approval,Partial - downgraded request routed for Write access approval
2026-06-01T15:47:03+05:30,"What's my notice period if I resign now?",HR & Leave Policy Sec.12; employee_database.csv,"Retrieved joining date (2021-06-21) confirming employee is post-probation; applied 60-day notice period rule.",Provided policy answer, no workflow action needed,Success - informational response provided
2026-06-01T16:20:51+05:30,"I was out sick yesterday, forgot to log it",HR & Leave Policy Sec.8,"Classified as retroactive sick leave request; within 3-business-day filing window.",Submitted retroactive leave entry for manager approval,Success - retroactive SL entry logged, pending approval
2026-06-01T16:55:38+05:30,"How do I request Figma editor access for the design system?",Expense & Software Access Policy Sec.6,"Checked requester department (Product) - Figma Editor access to shared libraries requires Design Lead approval beyond manager approval.",Routed dual-approval access request to manager and Design Lead,Success - request NT-ACC-4483 submitted
2026-06-01T17:30:12+05:30,"Internet has been down at the office for an hour",IT Support KB Sec.6,"Cross-checked #it-announcements feed - confirmed active outage already logged as major incident.",Linked user to existing incident ticket instead of creating duplicate,Success - user linked to incident IT-88190, ETA shared
2026-06-02T09:05:44+05:30,"What's the cap on hotel accommodation for my Delhi trip?",Expense & Software Access Policy Sec.1,"Delhi classified as metro city; applied ₹8,000/night domestic metro cap.",Provided policy answer and pre-filled travel request cap,Success - travel request pre-filled with cap applied
2026-06-02T09:41:27+05:30,"I've been locked out of my account 3 times this week",IT Support KB Sec.8,"Detected repeated lockout pattern (3+ in a month) per policy - triggers mandatory security check-in.",Auto-unlocked account and scheduled mandatory security awareness session with IT Security,Success - account unlocked, security session IT-SEC-1042 scheduled
2026-06-02T10:22:59+05:30,"Am I eligible for a promotion this cycle?",HR & Leave Policy Sec.13; employee_database.csv,"Checked tenure in current role (14 months, meets 12-month minimum) and confirmed 'Meets Expectations' rating trend eligible for consideration; final decision requires manager nomination.",Provided eligibility assessment, flagged for manager nomination review,Success - informational response with recommended next step
2026-06-02T11:08:16+05:30,"Requesting internet reimbursement for June",Expense & Software Access Policy Sec.3,"Verified employee WFH frequency (5 days/month, remote-classified) meets eligibility threshold for internet reimbursement.",Generated ₹1,000 reimbursement claim for quarterly submission,Success - claim pre-filled and routed for manager approval
2026-06-02T11:50:03+05:30,"Printer on the 4th floor is jammed again",IT Support KB Sec.7,"Classified as recurring P3 printer issue; checked printer dashboard - no active outage logged.",Created P3 ticket and assigned to on-site IT support engineer,Success - ticket IT-88260 created, target resolution 1 business day
2026-06-02T12:33,"Can I get a same-day exception for late coming due to a medical appointment?",HR & Leave Policy Sec.10,"Verified reason falls under valid manager-approved exception category (medical appointment).",Routed late-coming regularization request to manager for approval,Success - regularization request submitted
